
{
    "mappingClasse2Representation3D": [
        {
            "classeObjetAMapper": "enstabretagne.BasicMovement.SimEntity.Bouee.Bouee",
            "Representation3DAMapper": "enstabretagne.BasicMovement.SimEntity.Bouee.Representation3D.Bouee3DRepresentation2",
            "level4Trasparency": 5
        },
        {
            "classeObjetAMapper": "enstabretagne.BasicMovement.SimEntity.Navire.EntityNavire",
            "Representation3DAMapper": "enstabretagne.BasicMovement.SimEntity.Navire.Representation3D.EntityNavire3DRepresentation",
            "level4Trasparency": 5
        },
        {
            "classeObjetAMapper": "enstabretagne.BasicMovement.SimEntity.Ocean.EntityOcean",
            "Representation3DAMapper": "enstabretagne.BasicMovement.SimEntity.Ocean.Representation3D.EntityOcean3DRepresentation",
            "level4Trasparency": 1
        }
    ],
    "entiteASuivre": "Navire Observation",    
    "frameparseconde": 25
}

